title,normalized_title,platform,notes
A Bloody Lucky Day,a bloody lucky day,,Manual platform lookup needed
A Breeze of Love,a breeze of love,,Manual platform lookup needed
A Good Day to Be a Dog,a good day to be a dog,,Manual platform lookup needed
A Killer Paradox,a killer paradox,,Manual platform lookup needed
A Nation of Broth,a nation of broth,,Manual platform lookup needed
A Shop for Killers,a shop for killers,,Manual platform lookup needed
A Time Called You,a time called you,,Manual platform lookup needed
A Virtuous Business,a virtuous business,,Manual platform lookup needed
A Wonderful Sight,a wonderful sight,,Manual platform lookup needed
Agents of Mystery,agents of mystery,,Manual platform lookup needed
Alien Stage,alien stage,,Manual platform lookup needed
A-List to Playlist,alist to playlist,,Manual platform lookup needed
Amor Fati,amor fati,,Manual platform lookup needed
Apple of My Eye,apple of my eye,,Manual platform lookup needed
Armored Saurus,armored saurus,,Manual platform lookup needed
Bad Memory Eraser,bad memory eraser,,Manual platform lookup needed
Baradeon Bada,baradeon bada,,Manual platform lookup needed
Beauty and Mr. Romantic,beauty and mr romantic,,Manual platform lookup needed
Bebefinn,bebefinn,,Manual platform lookup needed
Bee & Puppycat: Lazy in Space,bee puppycat lazy in space,,Manual platform lookup needed
Begins Youth,begins youth,,Manual platform lookup needed
Behind Your Touch,behind your touch,,Manual platform lookup needed
Between Him and Her,between him and her,,Manual platform lookup needed
Bittersweet Hell,bittersweet hell,,Manual platform lookup needed
Blood Free,blood free,,Manual platform lookup needed
Bloodhounds,bloodhounds,,Manual platform lookup needed
Bokjeingan,bokjeingan,,Manual platform lookup needed
Branding in Seongsu,branding in seongsu,,Manual platform lookup needed
Brewing Love,brewing love,,Manual platform lookup needed
Bulgasal,bulgasal,,Manual platform lookup needed
Bump Up Business,bump up business,,Manual platform lookup needed
Business as Usual,business as usual,,Manual platform lookup needed
Business Proposal,business proposal,,Manual platform lookup needed
Cafe Minamdang,cafe minamdang,,Manual platform lookup needed
Captivating the King,captivating the king,,Manual platform lookup needed
Castaway Diva,castaway diva,,Manual platform lookup needed
Celebrity,celebrity,,Manual platform lookup needed
Check-in Hanyang,checkin hanyang,,Manual platform lookup needed
Cheongchun Beullasseom,cheongchun beullasseom,,Manual platform lookup needed
Chicken Nugget,chicken nugget,,Manual platform lookup needed
Chief Detective 1958,chief detective 1958,,Manual platform lookup needed
Chunhwa Love Story,chunhwa love story,,Manual platform lookup needed
Cinderella at 2 AM,cinderella at 2 am,,Manual platform lookup needed
Cinderella Game,cinderella game,,Manual platform lookup needed
City Girls on the Climb,city girls on the climb,,Manual platform lookup needed
Cold Blooded Intern,cold blooded intern,,Manual platform lookup needed
Connection,connection,,Manual platform lookup needed
Crash,crash,,Manual platform lookup needed
Crushology 101,crushology 101,,Manual platform lookup needed
Culinary Class Wars,culinary class wars,,Manual platform lookup needed
Daily Dose of Sunshine,daily dose of sunshine,,Manual platform lookup needed
Dark Moon: The Blood Altar,dark moon the blood altar,,Manual platform lookup needed
Dear Hongrang,dear hongrang,,Manual platform lookup needed
Dear. M,dear m,,Manual platform lookup needed
Death to Snow White,death to snow white,,Manual platform lookup needed
Death's Game,deaths game,Prime Video,Manual platform lookup needed
Delightfully Deceitful,delightfully deceitful,,Manual platform lookup needed
Desperate Mr. X,desperate mr x,,Manual platform lookup needed
Desperate Mrs. Seonju,desperate mrs seonju,,Manual platform lookup needed
Destined with You,destined with you,,Manual platform lookup needed
Deurama Peseuta: Gyeoroleul Italhayeossseubnida,deurama peseuta gyeoroleul italhayeossseubnida,,Manual platform lookup needed
DNA Lover,dna lover,,Manual platform lookup needed
Doctor Cha Jeong Suk,doctor cha jeong suk,,Manual platform lookup needed
Doctor Slump,doctor slump,,Manual platform lookup needed
Dog Days Out,dog days out,,Manual platform lookup needed
Dog Knows Everything,dog knows everything,,Manual platform lookup needed
Doksuri 5hyeongjereul Butakhae,doksuri 5hyeongjereul butakhae,,Manual platform lookup needed
"Dongjae, the Good or the Bastard",dongjae the good or the bastard,,Manual platform lookup needed
Doona!,doona,,Manual platform lookup needed
Dragon Age: Absolution,dragon age absolution,,Manual platform lookup needed
Durian's Affair,durians affair,,Manual platform lookup needed
Elegant Empire,elegant empire,,Manual platform lookup needed
Emotia,emotia,,Manual platform lookup needed
Excellent Shaman Ga Doo Shim,excellent shaman ga doo shim,,Manual platform lookup needed
EXchange,exchange,,Manual platform lookup needed
Face Me,face me,,Manual platform lookup needed
Family by Choice,family by choice,,Manual platform lookup needed
Family Plan,family plan,,Manual platform lookup needed
FC Soldout,fc soldout,,Manual platform lookup needed
Finland Papa,finland papa,,Manual platform lookup needed
Flex x Cop,flex x cop,,Manual platform lookup needed
Floor,floor,,Manual platform lookup needed
Fly High Butterfly,fly high butterfly,,Manual platform lookup needed
Fragile,fragile,,Manual platform lookup needed
Friendly Rivalry,friendly rivalry,,Manual platform lookup needed
"Genie, Make a Wish",genie make a wish,,Manual platform lookup needed
Geuraendeu Syaining Hotel,geuraendeu syaining hotel,,Manual platform lookup needed
Girl's High School Mystery Class,girls high school mystery class,,Manual platform lookup needed
Good Boy,good boy,,Manual platform lookup needed
Good Partner,good partner,,Manual platform lookup needed
"Green Bean, Red Bean: Reap What You Sow",green bean red bean reap what you sow,,Manual platform lookup needed
Gyeongseong Creature,gyeongseong creature,,Manual platform lookup needed
Han River Police,han river police,,Manual platform lookup needed
Hanni and the Wild Woods,hanni and the wild woods,,Manual platform lookup needed
Happy Battle,happy battle,,Manual platform lookup needed
Heartbeat,heartbeat,,Manual platform lookup needed
Heavenly Ever After,heavenly ever after,,Manual platform lookup needed
Heesu in Class 2,heesu in class 2,,Manual platform lookup needed
Heo's Diner,heos diner,,Manual platform lookup needed
Hi Cookie,hi cookie,,Manual platform lookup needed
Hide,hide,,Manual platform lookup needed
Hierarchy,hierarchy,,Manual platform lookup needed
His Man,his man,,Manual platform lookup needed
House of Lies,house of lies,,Manual platform lookup needed
Hunter with a Scalpel,hunter with a scalpel,,Manual platform lookup needed
Hyper Knife,hyper knife,,Manual platform lookup needed
I Am a Running Mate,i am a running mate,,Manual platform lookup needed
In Cold Blood,in cold blood,,Manual platform lookup needed
Iron Family,iron family,,Manual platform lookup needed
Jazz for Two,jazz for two,,Manual platform lookup needed
Joseon Attorney,joseon attorney,,Manual platform lookup needed
Jun & Jun,jun jun,,Manual platform lookup needed
Juvenile Delinquency,juvenile delinquency,,Manual platform lookup needed
K Food Show: A Nation of Kimchi,k food show a nation of kimchi,,Manual platform lookup needed
Karma,karma,,Manual platform lookup needed
Keullining eop,keullining eop,,Manual platform lookup needed
Kian's Bizarre B&B,kians bizarre bb,,Manual platform lookup needed
Kick Kick Kick Kick,kick kick kick kick,,Manual platform lookup needed
King the Land,king the land,,Manual platform lookup needed
Korea No.1,korea no1,,Manual platform lookup needed
Korea-Khitan War,koreakhitan war,,Manual platform lookup needed
Let's Get Grabbed by the Collar,lets get grabbed by the collar,,Manual platform lookup needed
Light Shop,light shop,,Manual platform lookup needed
Like Flowers in Sand,like flowers in sand,,Manual platform lookup needed
Live Your Own Life,live your own life,,Manual platform lookup needed
Longing for You,longing for you,,Manual platform lookup needed
Love,love,,Manual platform lookup needed
Love After Divorce,love after divorce,,Manual platform lookup needed
Love Next Door,love next door,,Manual platform lookup needed
Love Refresh,love refresh,,Manual platform lookup needed
Love Scout,love scout,,Manual platform lookup needed
Love Song for Illusion,love song for illusion,,Manual platform lookup needed
Love Twist,love twist,,Manual platform lookup needed
Love Your Enemy,love your enemy,,Manual platform lookup needed
Lovely Runner,lovely runner,,Manual platform lookup needed
Low Life,low life,,Manual platform lookup needed
Maestra: Strings of Truth,maestra strings of truth,,Manual platform lookup needed
Marry My Husband,marry my husband,,Manual platform lookup needed
Marry You,marry you,,Manual platform lookup needed
Mask Girl,mask girl,,Manual platform lookup needed
Meant to Be,meant to be,,Manual platform lookup needed
Melo Movie,melo movie,,Manual platform lookup needed
Mercy for None,mercy for none,,Manual platform lookup needed
Metal Cardbot,metal cardbot,,Manual platform lookup needed
Midnight Photo Studio,midnight photo studio,,Manual platform lookup needed
Military Prosecutor Do Bae Man,military prosecutor do bae man,,Manual platform lookup needed
Miraculous Brothers,miraculous brothers,,Manual platform lookup needed
Miss Night and Day,miss night and day,,Manual platform lookup needed
Missing Crown Prince,missing crown prince,,Manual platform lookup needed
Money Heist: Korea - Joint Economic Area,money heist korea joint economic area,,Manual platform lookup needed
Moon in the Day,moon in the day,,Manual platform lookup needed
Motel California,motel california,,Manual platform lookup needed
Moving,moving,,Manual platform lookup needed
My 20th Twenty,my 20th twenty,,Manual platform lookup needed
My Dearest,my dearest,,Manual platform lookup needed
My Dearest Nemesis,my dearest nemesis,,Manual platform lookup needed
My Demon,my demon,,Manual platform lookup needed
My Happy End,my happy end,,Manual platform lookup needed
My Liberation Diary,my liberation diary,,Manual platform lookup needed
My Lovely Boxer,my lovely boxer,,Manual platform lookup needed
My Lovely Liar,my lovely liar,,Manual platform lookup needed
My Man is Cupid,my man is cupid,,Manual platform lookup needed
My Merry Marriage,my merry marriage,,Manual platform lookup needed
My Military Valentine,my military valentine,,Manual platform lookup needed
My Perfect Stranger,my perfect stranger,,Manual platform lookup needed
My Sibling's Romance,my siblings romance,,Manual platform lookup needed
My Sweet Mobster,my sweet mobster,,Manual platform lookup needed
Naegwa Park Won-jang,naegwa park wonjang,,Manual platform lookup needed
Namgogoedam,namgogoedam,,Manual platform lookup needed
Namibeu,namibeu,,Manual platform lookup needed
NCT Universe,nct universe,,Manual platform lookup needed
NCT Universe: Lastart,nct universe lastart,,Manual platform lookup needed
New World,new world,,Manual platform lookup needed
Newtopia,newtopia,,Manual platform lookup needed
Nine Puzzles,nine puzzles,,Manual platform lookup needed
Nineteen to Twenty,nineteen to twenty,,Manual platform lookup needed
No Gain No Love,no gain no love,,Manual platform lookup needed
No Secret,no secret,,Manual platform lookup needed
No Way Out: The Roulette,no way out the roulette,,Manual platform lookup needed
Not Yet Thirty,not yet thirty,,Manual platform lookup needed
Numbers,numbers,,Manual platform lookup needed
Oasis,oasis,,Manual platform lookup needed
Office Romance,office romance,,Manual platform lookup needed
Once Upon a Boyhood,once upon a boyhood,,Manual platform lookup needed
ONE: High School Heroes,one high school heroes,,Manual platform lookup needed
Oneuldo Jisonghabnida,oneuldo jisonghabnida,,Manual platform lookup needed
Only One Person,only one person,,Manual platform lookup needed
Our Chocolate Moments,our chocolate moments,,Manual platform lookup needed
Our Movie,our movie,,Manual platform lookup needed
Our Unwritten Seoul,our unwritten seoul,,Manual platform lookup needed
Pale Moon,pale moon,,Manual platform lookup needed
Pandora: Beneath the Paradise,pandora beneath the paradise,,Manual platform lookup needed
Parasyte: The Grey,parasyte the grey,,Manual platform lookup needed
Parole Examiner Lee,parole examiner lee,,Manual platform lookup needed
Peomkin taim,peomkin taim,,Manual platform lookup needed
Perfect Family,perfect family,,Manual platform lookup needed
Perfect Marriage Revenge,perfect marriage revenge,,Manual platform lookup needed
Political Fever,political fever,,Manual platform lookup needed
PotenDogs,potendogs,,Manual platform lookup needed
Project 7,project 7,,Manual platform lookup needed
Pump Up the Healthy Love,pump up the healthy love,,Manual platform lookup needed
Pyramid Game,pyramid game,,Manual platform lookup needed
Quantum Heroes Dinoster,quantum heroes dinoster,,Manual platform lookup needed
Queen Mantis,queen mantis,,Manual platform lookup needed
Queen of Divorce,queen of divorce,,Manual platform lookup needed
Queen of Masks,queen of masks,,Manual platform lookup needed
Queen of Tears,queen of tears,Netflix,Manual platform lookup needed
Queen Woo,queen woo,Prime Video,Manual platform lookup needed
Queenmaker,queenmaker,,Manual platform lookup needed
Queen's House,queens house,,Manual platform lookup needed
RACE,race,,Manual platform lookup needed
Raiding Insaeng,raiding insaeng,,Manual platform lookup needed
Rainbow Bubblegem,rainbow bubblegem,,Manual platform lookup needed
Red Shoes,red shoes,,Manual platform lookup needed
Red Sleeve,red sleeve,,Manual platform lookup needed
Red Swan,red swan,,Manual platform lookup needed
Remarriage & Desires,remarriage desires,,Manual platform lookup needed
Resident Playbook,resident playbook,,Manual platform lookup needed
Return to the Palace,return to the palace,,Manual platform lookup needed
Revenant,revenant,,Manual platform lookup needed
Ripeullei: Dasi Sijagdoeneun Sungan,ripeullei dasi sijagdoeneun sungan,,Manual platform lookup needed
Risqué Business: Japan,risqu business japan,,Manual platform lookup needed
Risqué Business: Taiwan,risqu business taiwan,,Manual platform lookup needed
Romance in the House,romance in the house,,Manual platform lookup needed
Sabotage City,sabotage city,,Manual platform lookup needed
Sajangdol Mateu,sajangdol mateu,,Manual platform lookup needed
Second Shot at Love,second shot at love,,Manual platform lookup needed
See You in My 19th Life,see you in my 19th life,Netflix,Manual platform lookup needed
Seoul Busters,seoul busters,,Manual platform lookup needed
Serendipity's Embrace,serendipitys embrace,,Manual platform lookup needed
Shark: The Storm,shark the storm,,Manual platform lookup needed
Shasha and Milo,shasha and milo,,Manual platform lookup needed
Single's Inferno,singles inferno,,Manual platform lookup needed
So I Married My Anti-Fan,so i married my antifan,,Manual platform lookup needed
Somehow Family,somehow family,,Manual platform lookup needed
Song of the Bandits,song of the bandits,,Manual platform lookup needed
Spice Up Our Love,spice up our love,,Manual platform lookup needed
Sponsor,sponsor,,Manual platform lookup needed
Spring Camp,spring camp,,Manual platform lookup needed
Spring of Youth,spring of youth,,Manual platform lookup needed
Starlight Boys,starlight boys,,Manual platform lookup needed
Stealer: The Treasure Keeper,stealer the treasure keeper,,Manual platform lookup needed
Strangers,strangers,,Manual platform lookup needed
Street Woman Fighter,street woman fighter,,Manual platform lookup needed
Study Group,study group,,Manual platform lookup needed
Su Ji and U Ri,su ji and u ri,,Manual platform lookup needed
Such a Close Traitor,such a close traitor,,Manual platform lookup needed
Susanghan Geunyeo,susanghan geunyeo,,Manual platform lookup needed
Tarot,tarot,,Manual platform lookup needed
Tastefully Yours,tastefully yours,,Manual platform lookup needed
Tell Me That You Love Me,tell me that you love me,,Manual platform lookup needed
Tempest,tempest,,Manual platform lookup needed
The 8 Show,the 8 show,Netflix,Manual platform lookup needed
The Art of Negotiation,the art of negotiation,,Manual platform lookup needed
The Atypical Family,the atypical family,Netflix,Manual platform lookup needed
The Bequeathed,the bequeathed,,Manual platform lookup needed
The Devil's Plan,the devils plan,,Manual platform lookup needed
The Divorce Insurance,the divorce insurance,,Manual platform lookup needed
The Eighth Sense: The Series,the eighth sense the series,,Manual platform lookup needed
The Escape of the Seven,the escape of the seven,,Manual platform lookup needed
The Frog,the frog,Netflix,Manual platform lookup needed
The Good Bad Mother,the good bad mother,,Manual platform lookup needed
The Impossible Heir,the impossible heir,,Manual platform lookup needed
The Influencer,the influencer,,Manual platform lookup needed
The Judge from Hell,the judge from hell,,Manual platform lookup needed
The Killing Vote,the killing vote,,Manual platform lookup needed
"The King of Tears, Lee Bang-won",the king of tears lee bangwon,,Manual platform lookup needed
The Matchmakers,the matchmakers,,Manual platform lookup needed
The Midnight Romance in Hagwon,the midnight romance in hagwon,,Manual platform lookup needed
The Monster Within,the monster within,,Manual platform lookup needed
The Potato Lab,the potato lab,,Manual platform lookup needed
The Queen Who Crowns,the queen who crowns,,Manual platform lookup needed
The Queen Who Crowns: Before Sunrise,the queen who crowns before sunrise,,Manual platform lookup needed
The Real Deal Has Come!,the real deal has come,,Manual platform lookup needed
The Road: Tragedy of One,the road tragedy of one,,Manual platform lookup needed
The Secret Romantic Guesthouse,the secret romantic guesthouse,,Manual platform lookup needed
The Star Seekers,the star seekers,,Manual platform lookup needed
The Story of Park's Marriage Contract,the story of parks marriage contract,,Manual platform lookup needed
The Tale of Lady Ok,the tale of lady ok,,Manual platform lookup needed
The Third Marriage,the third marriage,,Manual platform lookup needed
The Trauma Code: Heroes on Call,the trauma code heroes on call,,Manual platform lookup needed
The Tyrant,the tyrant,,Manual platform lookup needed
The Witch,the witch,,Manual platform lookup needed
The Witch's Game,the witchs game,,Manual platform lookup needed
The Worst of Evil,the worst of evil,,Manual platform lookup needed
There is no Goo Pil Soo,there is no goo pil soo,,Manual platform lookup needed
Thirty Nine,thirty nine,,Manual platform lookup needed
Those Who Read the Hearts of Evil,those who read the hearts of evil,,Manual platform lookup needed
To My Haeri,to my haeri,,Manual platform lookup needed
Treasure Island,treasure island,,Manual platform lookup needed
Treat Me Carelessly,treat me carelessly,,Manual platform lookup needed
Trigger,trigger,,Manual platform lookup needed
True to Love,true to love,,Manual platform lookup needed
Twenty Five Twenty One,twenty five twenty one,Netflix,Manual platform lookup needed
Twinkling Watermelon,twinkling watermelon,Viki,Manual platform lookup needed
Typhoon Family,typhoon family,,Manual platform lookup needed
Ultimate Weapon Alice,ultimate weapon alice,,Manual platform lookup needed
Uncle Samsik,uncle samsik,,Manual platform lookup needed
Under the Gun,under the gun,,Manual platform lookup needed
Undercover High School,undercover high school,,Manual platform lookup needed
Universe League,universe league,,Manual platform lookup needed
Unmasked,unmasked,,Manual platform lookup needed
Unpredictable Family,unpredictable family,,Manual platform lookup needed
Vigilante,vigilante,,Manual platform lookup needed
Villains Everywhere,villains everywhere,,Manual platform lookup needed
Wedding Impossible,wedding impossible,,Manual platform lookup needed
Welcome to Samdalri,welcome to samdalri,,Manual platform lookup needed
What Comes After Love,what comes after love,,Manual platform lookup needed
"When Flowers Bloom, I Think of the Moon",when flowers bloom i think of the moon,,Manual platform lookup needed
When Life Gives You Tangerines,when life gives you tangerines,Netflix,Manual platform lookup needed
When the Phone Rings,when the phone rings,,Manual platform lookup needed
When the Stars Gossip,when the stars gossip,,Manual platform lookup needed
Why R U?,why r u,,Manual platform lookup needed
Woman in a Veil,woman in a veil,,Manual platform lookup needed
Wonderful World,wonderful world,,Manual platform lookup needed
Woori the Virgin,woori the virgin,,Manual platform lookup needed
Youth Recipe,youth recipe,,Manual platform lookup needed
Zombieverse,zombieverse,,Manual platform lookup needed